date_time,maxtempC,,,,,,,,,
01-08-2019 00:00,36,,,,,,,,,
01-08-2019 01:00,36,,,,,,,,,
01-08-2019 02:00,36,,,,,,,,,
01-08-2019 03:00,36,,,,,,,,,
01-08-2019 04:00,36,,,,,,,,,
01-08-2019 05:00,36,,,,,,,,,
01-08-2019 06:00,36,,,,,,,,,
01-08-2019 07:00,36,,,,,,,,,
01-08-2019 08:00,36,,,,,,,,,
01-08-2019 09:00,36,,,,,,,,,
01-08-2019 10:00,36,,,,,,,,,
01-08-2019 11:00,36,,,,,,,,,
01-08-2019 12:00,36,,,,,,,,,
01-08-2019 13:00,36,,,,,,,,,
01-08-2019 14:00,36,,,,,,,,,
01-08-2019 15:00,36,,,,,,,,,
01-08-2019 16:00,36,,,,,,,,,
01-08-2019 17:00,36,,,,,,,,,
01-08-2019 18:00,36,,,,,,,,,
01-08-2019 19:00,36,,,,,,,,,
01-08-2019 20:00,36,,,,,,,,,
01-08-2019 21:00,36,,,,,,,,,
01-08-2019 22:00,36,,,,,,,,,
01-08-2019 23:00,36,,,,,,,,,
02-08-2019 00:00,38,,,,,,,,,
02-08-2019 01:00,38,,,,,,,,,
02-08-2019 02:00,38,,,,,,,,,
02-08-2019 03:00,38,,,,,,,,,
02-08-2019 04:00,38,,,,,,,,,
02-08-2019 05:00,38,,,,,,,,,
02-08-2019 06:00,38,,,,,,,,,
02-08-2019 07:00,38,,,,,,,,,
02-08-2019 08:00,38,,,,,,,,,
02-08-2019 09:00,38,,,,,,,,,
02-08-2019 10:00,38,,,,,,,,,
02-08-2019 11:00,38,,,,,,,,,
02-08-2019 12:00,38,,,,,,,,,
02-08-2019 13:00,38,,,,,,,,,
02-08-2019 14:00,38,,,,,,,,,
02-08-2019 15:00,38,,,,,,,,,
02-08-2019 16:00,38,,,,,,,,,
02-08-2019 17:00,38,,,,,,,,,
02-08-2019 18:00,38,,,,,,,,,
02-08-2019 19:00,38,,,,,,,,,
02-08-2019 20:00,38,,,,,,,,,
02-08-2019 21:00,38,,,,,,,,,
02-08-2019 22:00,38,,,,,,,,,
02-08-2019 23:00,38,,,,,,,,,
03-08-2019 00:00,38,,,,,,,,,
03-08-2019 01:00,38,,,,,,,,,
03-08-2019 02:00,38,,,,,,,,,
03-08-2019 03:00,38,,,,,,,,,
03-08-2019 04:00,38,,,,,,,,,
03-08-2019 05:00,38,,,,,,,,,
03-08-2019 06:00,38,,,,,,,,,
03-08-2019 07:00,38,,,,,,,,,
03-08-2019 08:00,38,,,,,,,,,
03-08-2019 09:00,38,,,,,,,,,
03-08-2019 10:00,38,,,,,,,,,
03-08-2019 11:00,38,,,,,,,,,
03-08-2019 12:00,38,,,,,,,,,
03-08-2019 13:00,38,,,,,,,,,
03-08-2019 14:00,38,,,,,,,,,
03-08-2019 15:00,38,,,,,,,,,
03-08-2019 16:00,38,,,,,,,,,
03-08-2019 17:00,38,,,,,,,,,
03-08-2019 18:00,38,,,,,,,,,
03-08-2019 19:00,38,,,,,,,,,
03-08-2019 20:00,38,,,,,,,,,
03-08-2019 21:00,38,,,,,,,,,
03-08-2019 22:00,38,,,,,,,,,
03-08-2019 23:00,38,,,,,,,,,
04-08-2019 00:00,38,,,,,,,,,
04-08-2019 01:00,38,,,,,,,,,
04-08-2019 02:00,38,,,,,,,,,
04-08-2019 03:00,38,,,,,,,,,
04-08-2019 04:00,38,,,,,,,,,
04-08-2019 05:00,38,,,,,,,,,
04-08-2019 06:00,38,,,,,,,,,
04-08-2019 07:00,38,,,,,,,,,
04-08-2019 08:00,38,,,,,,,,,
04-08-2019 09:00,38,,,,,,,,,
04-08-2019 10:00,38,,,,,,,,,
04-08-2019 11:00,38,,,,,,,,,
04-08-2019 12:00,38,,,,,,,,,
04-08-2019 13:00,38,,,,,,,,,
04-08-2019 14:00,38,,,,,,,,,
04-08-2019 15:00,38,,,,,,,,,
04-08-2019 16:00,38,,,,,,,,,
04-08-2019 17:00,38,,,,,,,,,
04-08-2019 18:00,38,,,,,,,,,
04-08-2019 19:00,38,,,,,,,,,
04-08-2019 20:00,38,,,,,,,,,
04-08-2019 21:00,38,,,,,,,,,
04-08-2019 22:00,38,,,,,,,,,
04-08-2019 23:00,38,,,,,,,,,
05-08-2019 00:00,39,,,,,,,,,
05-08-2019 01:00,39,,,,,,,,,
05-08-2019 02:00,39,,,,,,,,,
05-08-2019 03:00,39,,,,,,,,,
05-08-2019 04:00,39,,,,,,,,,
05-08-2019 05:00,39,,,,,,,,,
05-08-2019 06:00,39,,,,,,,,,
05-08-2019 07:00,39,,,,,,,,,
05-08-2019 08:00,39,,,,,,,,,
05-08-2019 09:00,39,,,,,,,,,
05-08-2019 10:00,39,,,,,,,,,
05-08-2019 11:00,39,,,,,,,,,
05-08-2019 12:00,39,,,,,,,,,
05-08-2019 13:00,39,,,,,,,,,
05-08-2019 14:00,39,,,,,,,,,
05-08-2019 15:00,39,,,,,,,,,
05-08-2019 16:00,39,,,,,,,,,
05-08-2019 17:00,39,,,,,,,,,
05-08-2019 18:00,39,,,,,,,,,
05-08-2019 19:00,39,,,,,,,,,
05-08-2019 20:00,39,,,,,,,,,
05-08-2019 21:00,39,,,,,,,,,
05-08-2019 22:00,39,,,,,,,,,
05-08-2019 23:00,39,,,,,,,,,
06-08-2019 00:00,40,,,,,,,,,
06-08-2019 01:00,40,,,,,,,,,
06-08-2019 02:00,40,,,,,,,,,
06-08-2019 03:00,40,,,,,,,,,
06-08-2019 04:00,40,,,,,,,,,
06-08-2019 05:00,40,,,,,,,,,
06-08-2019 06:00,40,,,,,,,,,
06-08-2019 07:00,40,,,,,,,,,
06-08-2019 08:00,40,,,,,,,,,
06-08-2019 09:00,40,,,,,,,,,
06-08-2019 10:00,40,,,,,,,,,
06-08-2019 11:00,40,,,,,,,,,
06-08-2019 12:00,40,,,,,,,,,
06-08-2019 13:00,40,,,,,,,,,
06-08-2019 14:00,40,,,,,,,,,
06-08-2019 15:00,40,,,,,,,,,
06-08-2019 16:00,40,,,,,,,,,
06-08-2019 17:00,40,,,,,,,,,
06-08-2019 18:00,40,,,,,,,,,
06-08-2019 19:00,40,,,,,,,,,
06-08-2019 20:00,40,,,,,,,,,
06-08-2019 21:00,40,,,,,,,,,
06-08-2019 22:00,40,,,,,,,,,
06-08-2019 23:00,40,,,,,,,,,
07-08-2019 00:00,38,,,,,,,,,
07-08-2019 01:00,38,,,,,,,,,
07-08-2019 02:00,38,,,,,,,,,
07-08-2019 03:00,38,,,,,,,,,
07-08-2019 04:00,38,,,,,,,,,
07-08-2019 05:00,38,,,,,,,,,
07-08-2019 06:00,38,,,,,,,,,
07-08-2019 07:00,38,,,,,,,,,
07-08-2019 08:00,38,,,,,,,,,
07-08-2019 09:00,38,,,,,,,,,
07-08-2019 10:00,38,,,,,,,,,
07-08-2019 11:00,38,,,,,,,,,
07-08-2019 12:00,38,,,,,,,,,
07-08-2019 13:00,38,,,,,,,,,
07-08-2019 14:00,38,,,,,,,,,
07-08-2019 15:00,38,,,,,,,,,
07-08-2019 16:00,38,,,,,,,,,
07-08-2019 17:00,38,,,,,,,,,
07-08-2019 18:00,38,,,,,,,,,
07-08-2019 19:00,38,,,,,,,,,
07-08-2019 20:00,38,,,,,,,,,
07-08-2019 21:00,38,,,,,,,,,
07-08-2019 22:00,38,,,,,,,,,
07-08-2019 23:00,38,,,,,,,,,
08-08-2019 00:00,38,,,,,,,,,
08-08-2019 01:00,38,,,,,,,,,
08-08-2019 02:00,38,,,,,,,,,
08-08-2019 03:00,38,,,,,,,,,
08-08-2019 04:00,38,,,,,,,,,
08-08-2019 05:00,38,,,,,,,,,
08-08-2019 06:00,38,,,,,,,,,
08-08-2019 07:00,38,,,,,,,,,
08-08-2019 08:00,38,,,,,,,,,
08-08-2019 09:00,38,,,,,,,,,
08-08-2019 10:00,38,,,,,,,,,
08-08-2019 11:00,38,,,,,,,,,
08-08-2019 12:00,38,,,,,,,,,
08-08-2019 13:00,38,,,,,,,,,
08-08-2019 14:00,38,,,,,,,,,
08-08-2019 15:00,38,,,,,,,,,
08-08-2019 16:00,38,,,,,,,,,
08-08-2019 17:00,38,,,,,,,,,
08-08-2019 18:00,38,,,,,,,,,
08-08-2019 19:00,38,,,,,,,,,
08-08-2019 20:00,38,,,,,,,,,
08-08-2019 21:00,38,,,,,,,,,
08-08-2019 22:00,38,,,,,,,,,
08-08-2019 23:00,38,,,,,,,,,
09-08-2019 00:00,35,,,,,,,,,
09-08-2019 01:00,35,,,,,,,,,
09-08-2019 02:00,35,,,,,,,,,
09-08-2019 03:00,35,,,,,,,,,
09-08-2019 04:00,35,,,,,,,,,
09-08-2019 05:00,35,,,,,,,,,
09-08-2019 06:00,35,,,,,,,,,
09-08-2019 07:00,35,,,,,,,,,
09-08-2019 08:00,35,,,,,,,,,
09-08-2019 09:00,35,,,,,,,,,
09-08-2019 10:00,35,,,,,,,,,
09-08-2019 11:00,35,,,,,,,,,
09-08-2019 12:00,35,,,,,,,,,
09-08-2019 13:00,35,,,,,,,,,
09-08-2019 14:00,35,,,,,,,,,
09-08-2019 15:00,35,,,,,,,,,
09-08-2019 16:00,35,,,,,,,,,
09-08-2019 17:00,35,,,,,,,,,
09-08-2019 18:00,35,,,,,,,,,
09-08-2019 19:00,35,,,,,,,,,
09-08-2019 20:00,35,,,,,,,,,
09-08-2019 21:00,35,,,,,,,,,
09-08-2019 22:00,35,,,,,,,,,
09-08-2019 23:00,35,,,,,,,,,
10-08-2019 00:00,35,,,,,,,,,
10-08-2019 01:00,35,,,,,,,,,
10-08-2019 02:00,35,,,,,,,,,
10-08-2019 03:00,35,,,,,,,,,
10-08-2019 04:00,35,,,,,,,,,
10-08-2019 05:00,35,,,,,,,,,
10-08-2019 06:00,35,,,,,,,,,
10-08-2019 07:00,35,,,,,,,,,
10-08-2019 08:00,35,,,,,,,,,
10-08-2019 09:00,35,,,,,,,,,
10-08-2019 10:00,35,,,,,,,,,
10-08-2019 11:00,35,,,,,,,,,
10-08-2019 12:00,35,,,,,,,,,
10-08-2019 13:00,35,,,,,,,,,
10-08-2019 14:00,35,,,,,,,,,
10-08-2019 15:00,35,,,,,,,,,
10-08-2019 16:00,35,,,,,,,,,
10-08-2019 17:00,35,,,,,,,,,
10-08-2019 18:00,35,,,,,,,,,
10-08-2019 19:00,35,,,,,,,,,
10-08-2019 20:00,35,,,,,,,,,
10-08-2019 21:00,35,,,,,,,,,
10-08-2019 22:00,35,,,,,,,,,
10-08-2019 23:00,35,,,,,,,,,
11-08-2019 00:00,37,,,,,,,,,
11-08-2019 01:00,37,,,,,,,,,
11-08-2019 02:00,37,,,,,,,,,
11-08-2019 03:00,37,,,,,,,,,
11-08-2019 04:00,37,,,,,,,,,
11-08-2019 05:00,37,,,,,,,,,
11-08-2019 06:00,37,,,,,,,,,
11-08-2019 07:00,37,,,,,,,,,
11-08-2019 08:00,37,,,,,,,,,
11-08-2019 09:00,37,,,,,,,,,
11-08-2019 10:00,37,,,,,,,,,
11-08-2019 11:00,37,,,,,,,,,
11-08-2019 12:00,37,,,,,,,,,
11-08-2019 13:00,37,,,,,,,,,
11-08-2019 14:00,37,,,,,,,,,
11-08-2019 15:00,37,,,,,,,,,
11-08-2019 16:00,37,,,,,,,,,
11-08-2019 17:00,37,,,,,,,,,
11-08-2019 18:00,37,,,,,,,,,
11-08-2019 19:00,37,,,,,,,,,
11-08-2019 20:00,37,,,,,,,,,
11-08-2019 21:00,37,,,,,,,,,
11-08-2019 22:00,37,,,,,,,,,
11-08-2019 23:00,37,,,,,,,,,
12-08-2019 00:00,38,,,,,,,,,
12-08-2019 01:00,38,,,,,,,,,
12-08-2019 02:00,38,,,,,,,,,
12-08-2019 03:00,38,,,,,,,,,
12-08-2019 04:00,38,,,,,,,,,
12-08-2019 05:00,38,,,,,,,,,
12-08-2019 06:00,38,,,,,,,,,
12-08-2019 07:00,38,,,,,,,,,
12-08-2019 08:00,38,,,,,,,,,
12-08-2019 09:00,38,,,,,,,,,
12-08-2019 10:00,38,,,,,,,,,
12-08-2019 11:00,38,,,,,,,,,
12-08-2019 12:00,38,,,,,,,,,
12-08-2019 13:00,38,,,,,,,,,
12-08-2019 14:00,38,,,,,,,,,
12-08-2019 15:00,38,,,,,,,,,
12-08-2019 16:00,38,,,,,,,,,
12-08-2019 17:00,38,,,,,,,,,
12-08-2019 18:00,38,,,,,,,,,
12-08-2019 19:00,38,,,,,,,,,
12-08-2019 20:00,38,,,,,,,,,
12-08-2019 21:00,38,,,,,,,,,
12-08-2019 22:00,38,,,,,,,,,
12-08-2019 23:00,38,,,,,,,,,
13-08-2019 00:00,38,,,,,,,,,
13-08-2019 01:00,38,,,,,,,,,
13-08-2019 02:00,38,,,,,,,,,
13-08-2019 03:00,38,,,,,,,,,
13-08-2019 04:00,38,,,,,,,,,
13-08-2019 05:00,38,,,,,,,,,
13-08-2019 06:00,38,,,,,,,,,
13-08-2019 07:00,38,,,,,,,,,
13-08-2019 08:00,38,,,,,,,,,
13-08-2019 09:00,38,,,,,,,,,
13-08-2019 10:00,38,,,,,,,,,
13-08-2019 11:00,38,,,,,,,,,
13-08-2019 12:00,38,,,,,,,,,
13-08-2019 13:00,38,,,,,,,,,
13-08-2019 14:00,38,,,,,,,,,
13-08-2019 15:00,38,,,,,,,,,
13-08-2019 16:00,38,,,,,,,,,
13-08-2019 17:00,38,,,,,,,,,
13-08-2019 18:00,38,,,,,,,,,
13-08-2019 19:00,38,,,,,,,,,
13-08-2019 20:00,38,,,,,,,,,
13-08-2019 21:00,38,,,,,,,,,
13-08-2019 22:00,38,,,,,,,,,
13-08-2019 23:00,38,,,,,,,,,
14-08-2019 00:00,37,,,,,,,,,
14-08-2019 01:00,37,,,,,,,,,
14-08-2019 02:00,37,,,,,,,,,
14-08-2019 03:00,37,,,,,,,,,
14-08-2019 04:00,37,,,,,,,,,
14-08-2019 05:00,37,,,,,,,,,
14-08-2019 06:00,37,,,,,,,,,
14-08-2019 07:00,37,,,,,,,,,
14-08-2019 08:00,37,,,,,,,,,
14-08-2019 09:00,37,,,,,,,,,
14-08-2019 10:00,37,,,,,,,,,
14-08-2019 11:00,37,,,,,,,,,
14-08-2019 12:00,37,,,,,,,,,
14-08-2019 13:00,37,,,,,,,,,
14-08-2019 14:00,37,,,,,,,,,
14-08-2019 15:00,37,,,,,,,,,
14-08-2019 16:00,37,,,,,,,,,
14-08-2019 17:00,37,,,,,,,,,
14-08-2019 18:00,37,,,,,,,,,
14-08-2019 19:00,37,,,,,,,,,
14-08-2019 20:00,37,,,,,,,,,
14-08-2019 21:00,37,,,,,,,,,
14-08-2019 22:00,37,,,,,,,,,
14-08-2019 23:00,37,,,,,,,,,
15-08-2019 00:00,36,,,,,,,,,
15-08-2019 01:00,36,,,,,,,,,
15-08-2019 02:00,36,,,,,,,,,
15-08-2019 03:00,36,,,,,,,,,
15-08-2019 04:00,36,,,,,,,,,
15-08-2019 05:00,36,,,,,,,,,
15-08-2019 06:00,36,,,,,,,,,
15-08-2019 07:00,36,,,,,,,,,
15-08-2019 08:00,36,,,,,,,,,
15-08-2019 09:00,36,,,,,,,,,
15-08-2019 10:00,36,,,,,,,,,
15-08-2019 11:00,36,,,,,,,,,
15-08-2019 12:00,36,,,,,,,,,
15-08-2019 13:00,36,,,,,,,,,
15-08-2019 14:00,36,,,,,,,,,
15-08-2019 15:00,36,,,,,,,,,
15-08-2019 16:00,36,,,,,,,,,
15-08-2019 17:00,36,,,,,,,,,
15-08-2019 18:00,36,,,,,,,,,
15-08-2019 19:00,36,,,,,,,,,
15-08-2019 20:00,36,,,,,,,,,
15-08-2019 21:00,36,,,,,,,,,
15-08-2019 22:00,36,,,,,,,,,
15-08-2019 23:00,36,,,,,,,,,
16-08-2019 00:00,32,,,,,,,,,
16-08-2019 01:00,32,,,,,,,,,
16-08-2019 02:00,32,,,,,,,,,
16-08-2019 03:00,32,,,,,,,,,
16-08-2019 04:00,32,,,,,,,,,
16-08-2019 05:00,32,,,,,,,,,
16-08-2019 06:00,32,,,,,,,,,
16-08-2019 07:00,32,,,,,,,,,
16-08-2019 08:00,32,,,,,,,,,
16-08-2019 09:00,32,,,,,,,,,
16-08-2019 10:00,32,,,,,,,,,
16-08-2019 11:00,32,,,,,,,,,
16-08-2019 12:00,32,,,,,,,,,
16-08-2019 13:00,32,,,,,,,,,
16-08-2019 14:00,32,,,,,,,,,
16-08-2019 15:00,32,,,,,,,,,
16-08-2019 16:00,32,,,,,,,,,
16-08-2019 17:00,32,,,,,,,,,
16-08-2019 18:00,32,,,,,,,,,
16-08-2019 19:00,32,,,,,,,,,
16-08-2019 20:00,32,,,,,,,,,
16-08-2019 21:00,32,,,,,,,,,
16-08-2019 22:00,32,,,,,,,,,
16-08-2019 23:00,32,,,,,,,,,
17-08-2019 00:00,30,,,,,,,,,
17-08-2019 01:00,30,,,,,,,,,
17-08-2019 02:00,30,,,,,,,,,
17-08-2019 03:00,30,,,,,,,,,
17-08-2019 04:00,30,,,,,,,,,
17-08-2019 05:00,30,,,,,,,,,
17-08-2019 06:00,30,,,,,,,,,
17-08-2019 07:00,30,,,,,,,,,
17-08-2019 08:00,30,,,,,,,,,
17-08-2019 09:00,30,,,,,,,,,
17-08-2019 10:00,30,,,,,,,,,
17-08-2019 11:00,30,,,,,,,,,
17-08-2019 12:00,30,,,,,,,,,
17-08-2019 13:00,30,,,,,,,,,
17-08-2019 14:00,30,,,,,,,,,
17-08-2019 15:00,30,,,,,,,,,
17-08-2019 16:00,30,,,,,,,,,
17-08-2019 17:00,30,,,,,,,,,
17-08-2019 18:00,30,,,,,,,,,
17-08-2019 19:00,30,,,,,,,,,
17-08-2019 20:00,30,,,,,,,,,
17-08-2019 21:00,30,,,,,,,,,
17-08-2019 22:00,30,,,,,,,,,
17-08-2019 23:00,30,,,,,,,,,
18-08-2019 00:00,35,,,,,,,,,
18-08-2019 01:00,35,,,,,,,,,
18-08-2019 02:00,35,,,,,,,,,
18-08-2019 03:00,35,,,,,,,,,
18-08-2019 04:00,35,,,,,,,,,
18-08-2019 05:00,35,,,,,,,,,
18-08-2019 06:00,35,,,,,,,,,
18-08-2019 07:00,35,,,,,,,,,
18-08-2019 08:00,35,,,,,,,,,
18-08-2019 09:00,35,,,,,,,,,
18-08-2019 10:00,35,,,,,,,,,
18-08-2019 11:00,35,,,,,,,,,
18-08-2019 12:00,35,,,,,,,,,
18-08-2019 13:00,35,,,,,,,,,
18-08-2019 14:00,35,,,,,,,,,
18-08-2019 15:00,35,,,,,,,,,
18-08-2019 16:00,35,,,,,,,,,
18-08-2019 17:00,35,,,,,,,,,
18-08-2019 18:00,35,,,,,,,,,
18-08-2019 19:00,35,,,,,,,,,
18-08-2019 20:00,35,,,,,,,,,
18-08-2019 21:00,35,,,,,,,,,
18-08-2019 22:00,35,,,,,,,,,
18-08-2019 23:00,35,,,,,,,,,
19-08-2019 00:00,36,,,,,,,,,
19-08-2019 01:00,36,,,,,,,,,
19-08-2019 02:00,36,,,,,,,,,
19-08-2019 03:00,36,,,,,,,,,
19-08-2019 04:00,36,,,,,,,,,
19-08-2019 05:00,36,,,,,,,,,
19-08-2019 06:00,36,,,,,,,,,
19-08-2019 07:00,36,,,,,,,,,
19-08-2019 08:00,36,,,,,,,,,
19-08-2019 09:00,36,,,,,,,,,
19-08-2019 10:00,36,,,,,,,,,
19-08-2019 11:00,36,,,,,,,,,
19-08-2019 12:00,36,,,,,,,,,
19-08-2019 13:00,36,,,,,,,,,
19-08-2019 14:00,36,,,,,,,,,
19-08-2019 15:00,36,,,,,,,,,
19-08-2019 16:00,36,,,,,,,,,
19-08-2019 17:00,36,,,,,,,,,
19-08-2019 18:00,36,,,,,,,,,
19-08-2019 19:00,36,,,,,,,,,
19-08-2019 20:00,36,,,,,,,,,
19-08-2019 21:00,36,,,,,,,,,
19-08-2019 22:00,36,,,,,,,,,
19-08-2019 23:00,36,,,,,,,,,
20-08-2019 00:00,37,,,,,,,,,
20-08-2019 01:00,37,,,,,,,,,
20-08-2019 02:00,37,,,,,,,,,
20-08-2019 03:00,37,,,,,,,,,
20-08-2019 04:00,37,,,,,,,,,
20-08-2019 05:00,37,,,,,,,,,
20-08-2019 06:00,37,,,,,,,,,
20-08-2019 07:00,37,,,,,,,,,
20-08-2019 08:00,37,,,,,,,,,
20-08-2019 09:00,37,,,,,,,,,
20-08-2019 10:00,37,,,,,,,,,
20-08-2019 11:00,37,,,,,,,,,
20-08-2019 12:00,37,,,,,,,,,
20-08-2019 13:00,37,,,,,,,,,
20-08-2019 14:00,37,,,,,,,,,
20-08-2019 15:00,37,,,,,,,,,
20-08-2019 16:00,37,,,,,,,,,
20-08-2019 17:00,37,,,,,,,,,
20-08-2019 18:00,37,,,,,,,,,
20-08-2019 19:00,37,,,,,,,,,
20-08-2019 20:00,37,,,,,,,,,
20-08-2019 21:00,37,,,,,,,,,
20-08-2019 22:00,37,,,,,,,,,
20-08-2019 23:00,37,,,,,,,,,
21-08-2019 00:00,39,,,,,,,,,
21-08-2019 01:00,39,,,,,,,,,
21-08-2019 02:00,39,,,,,,,,,
21-08-2019 03:00,39,,,,,,,,,
21-08-2019 04:00,39,,,,,,,,,
21-08-2019 05:00,39,,,,,,,,,
21-08-2019 06:00,39,,,,,,,,,
21-08-2019 07:00,39,,,,,,,,,
21-08-2019 08:00,39,,,,,,,,,
21-08-2019 09:00,39,,,,,,,,,
21-08-2019 10:00,39,,,,,,,,,
21-08-2019 11:00,39,,,,,,,,,
21-08-2019 12:00,39,,,,,,,,,
21-08-2019 13:00,39,,,,,,,,,
21-08-2019 14:00,39,,,,,,,,,
21-08-2019 15:00,39,,,,,,,,,
21-08-2019 16:00,39,,,,,,,,,
21-08-2019 17:00,39,,,,,,,,,
21-08-2019 18:00,39,,,,,,,,,
21-08-2019 19:00,39,,,,,,,,,
21-08-2019 20:00,39,,,,,,,,,
21-08-2019 21:00,39,,,,,,,,,
21-08-2019 22:00,39,,,,,,,,,
21-08-2019 23:00,39,,,,,,,,,
22-08-2019 00:00,37,,,,,,,,,
22-08-2019 01:00,37,,,,,,,,,
22-08-2019 02:00,37,,,,,,,,,
22-08-2019 03:00,37,,,,,,,,,
22-08-2019 04:00,37,,,,,,,,,
22-08-2019 05:00,37,,,,,,,,,
22-08-2019 06:00,37,,,,,,,,,
22-08-2019 07:00,37,,,,,,,,,
22-08-2019 08:00,37,,,,,,,,,
22-08-2019 09:00,37,,,,,,,,,
22-08-2019 10:00,37,,,,,,,,,
22-08-2019 11:00,37,,,,,,,,,
22-08-2019 12:00,37,,,,,,,,,
22-08-2019 13:00,37,,,,,,,,,
22-08-2019 14:00,37,,,,,,,,,
22-08-2019 15:00,37,,,,,,,,,
22-08-2019 16:00,37,,,,,,,,,
22-08-2019 17:00,37,,,,,,,,,
22-08-2019 18:00,37,,,,,,,,,
22-08-2019 19:00,37,,,,,,,,,
22-08-2019 20:00,37,,,,,,,,,
22-08-2019 21:00,37,,,,,,,,,
22-08-2019 22:00,37,,,,,,,,,
22-08-2019 23:00,37,,,,,,,,,
23-08-2019 00:00,39,,,,,,,,,
23-08-2019 01:00,39,,,,,,,,,
23-08-2019 02:00,39,,,,,,,,,
23-08-2019 03:00,39,,,,,,,,,
23-08-2019 04:00,39,,,,,,,,,
23-08-2019 05:00,39,,,,,,,,,
23-08-2019 06:00,39,,,,,,,,,
23-08-2019 07:00,39,,,,,,,,,
23-08-2019 08:00,39,,,,,,,,,
23-08-2019 09:00,39,,,,,,,,,
23-08-2019 10:00,39,,,,,,,,,
23-08-2019 11:00,39,,,,,,,,,
23-08-2019 12:00,39,,,,,,,,,
23-08-2019 13:00,39,,,,,,,,,
23-08-2019 14:00,39,,,,,,,,,
23-08-2019 15:00,39,,,,,,,,,
23-08-2019 16:00,39,,,,,,,,,
23-08-2019 17:00,39,,,,,,,,,
23-08-2019 18:00,39,,,,,,,,,
23-08-2019 19:00,39,,,,,,,,,
23-08-2019 20:00,39,,,,,,,,,
23-08-2019 21:00,39,,,,,,,,,
23-08-2019 22:00,39,,,,,,,,,
23-08-2019 23:00,39,,,,,,,,,
24-08-2019 00:00,38,,,,,,,,,
24-08-2019 01:00,38,,,,,,,,,
24-08-2019 02:00,38,,,,,,,,,
24-08-2019 03:00,38,,,,,,,,,
24-08-2019 04:00,38,,,,,,,,,
24-08-2019 05:00,38,,,,,,,,,
24-08-2019 06:00,38,,,,,,,,,
24-08-2019 07:00,38,,,,,,,,,
24-08-2019 08:00,38,,,,,,,,,
24-08-2019 09:00,38,,,,,,,,,
24-08-2019 10:00,38,,,,,,,,,
24-08-2019 11:00,38,,,,,,,,,
24-08-2019 12:00,38,,,,,,,,,
24-08-2019 13:00,38,,,,,,,,,
24-08-2019 14:00,38,,,,,,,,,
24-08-2019 15:00,38,,,,,,,,,
24-08-2019 16:00,38,,,,,,,,,
24-08-2019 17:00,38,,,,,,,,,
24-08-2019 18:00,38,,,,,,,,,
24-08-2019 19:00,38,,,,,,,,,
24-08-2019 20:00,38,,,,,,,,,
24-08-2019 21:00,38,,,,,,,,,
24-08-2019 22:00,38,,,,,,,,,
24-08-2019 23:00,38,,,,,,,,,
25-08-2019 00:00,36,,,,,,,,,
25-08-2019 01:00,36,,,,,,,,,
25-08-2019 02:00,36,,,,,,,,,
25-08-2019 03:00,36,,,,,,,,,
25-08-2019 04:00,36,,,,,,,,,
25-08-2019 05:00,36,,,,,,,,,
25-08-2019 06:00,36,,,,,,,,,
25-08-2019 07:00,36,,,,,,,,,
25-08-2019 08:00,36,,,,,,,,,
25-08-2019 09:00,36,,,,,,,,,
25-08-2019 10:00,36,,,,,,,,,
25-08-2019 11:00,36,,,,,,,,,
25-08-2019 12:00,36,,,,,,,,,
25-08-2019 13:00,36,,,,,,,,,
25-08-2019 14:00,36,,,,,,,,,
25-08-2019 15:00,36,,,,,,,,,
25-08-2019 16:00,36,,,,,,,,,
25-08-2019 17:00,36,,,,,,,,,
25-08-2019 18:00,36,,,,,,,,,
25-08-2019 19:00,36,,,,,,,,,
25-08-2019 20:00,36,,,,,,,,,
25-08-2019 21:00,36,,,,,,,,,
25-08-2019 22:00,36,,,,,,,,,
25-08-2019 23:00,36,,,,,,,,,
26-08-2019 00:00,36,,,,,,,,,
26-08-2019 01:00,36,,,,,,,,,
26-08-2019 02:00,36,,,,,,,,,
26-08-2019 03:00,36,,,,,,,,,
26-08-2019 04:00,36,,,,,,,,,
26-08-2019 05:00,36,,,,,,,,,
26-08-2019 06:00,36,,,,,,,,,
26-08-2019 07:00,36,,,,,,,,,
26-08-2019 08:00,36,,,,,,,,,
26-08-2019 09:00,36,,,,,,,,,
26-08-2019 10:00,36,,,,,,,,,
26-08-2019 11:00,36,,,,,,,,,
26-08-2019 12:00,36,,,,,,,,,
26-08-2019 13:00,36,,,,,,,,,
26-08-2019 14:00,36,,,,,,,,,
26-08-2019 15:00,36,,,,,,,,,
26-08-2019 16:00,36,,,,,,,,,
26-08-2019 17:00,36,,,,,,,,,
26-08-2019 18:00,36,,,,,,,,,
26-08-2019 19:00,36,,,,,,,,,
26-08-2019 20:00,36,,,,,,,,,
26-08-2019 21:00,36,,,,,,,,,
26-08-2019 22:00,36,,,,,,,,,
26-08-2019 23:00,36,,,,,,,,,
27-08-2019 00:00,37,,,,,,,,,
27-08-2019 01:00,37,,,,,,,,,
27-08-2019 02:00,37,,,,,,,,,
27-08-2019 03:00,37,,,,,,,,,
27-08-2019 04:00,37,,,,,,,,,
27-08-2019 05:00,37,,,,,,,,,
27-08-2019 06:00,37,,,,,,,,,
27-08-2019 07:00,37,,,,,,,,,
27-08-2019 08:00,37,,,,,,,,,
27-08-2019 09:00,37,,,,,,,,,
27-08-2019 10:00,37,,,,,,,,,
27-08-2019 11:00,37,,,,,,,,,
27-08-2019 12:00,37,,,,,,,,,
27-08-2019 13:00,37,,,,,,,,,
27-08-2019 14:00,37,,,,,,,,,
27-08-2019 15:00,37,,,,,,,,,
27-08-2019 16:00,37,,,,,,,,,
27-08-2019 17:00,37,,,,,,,,,
27-08-2019 18:00,37,,,,,,,,,
27-08-2019 19:00,37,,,,,,,,,
27-08-2019 20:00,37,,,,,,,,,
27-08-2019 21:00,37,,,,,,,,,
27-08-2019 22:00,37,,,,,,,,,
27-08-2019 23:00,37,,,,,,,,,
28-08-2019 00:00,38,,,,,,,,,
28-08-2019 01:00,38,,,,,,,,,
28-08-2019 02:00,38,,,,,,,,,
28-08-2019 03:00,38,,,,,,,,,
28-08-2019 04:00,38,,,,,,,,,
28-08-2019 05:00,38,,,,,,,,,
28-08-2019 06:00,38,,,,,,,,,
28-08-2019 07:00,38,,,,,,,,,
28-08-2019 08:00,38,,,,,,,,,
28-08-2019 09:00,38,,,,,,,,,
28-08-2019 10:00,38,,,,,,,,,
28-08-2019 11:00,38,,,,,,,,,
28-08-2019 12:00,38,,,,,,,,,
28-08-2019 13:00,38,,,,,,,,,
28-08-2019 14:00,38,,,,,,,,,
28-08-2019 15:00,38,,,,,,,,,
28-08-2019 16:00,38,,,,,,,,,
28-08-2019 17:00,38,,,,,,,,,
28-08-2019 18:00,38,,,,,,,,,
28-08-2019 19:00,38,,,,,,,,,
28-08-2019 20:00,38,,,,,,,,,
28-08-2019 21:00,38,,,,,,,,,
28-08-2019 22:00,38,,,,,,,,,
28-08-2019 23:00,38,,,,,,,,,
29-08-2019 00:00,37,,,,,,,,,
29-08-2019 01:00,37,,,,,,,,,
29-08-2019 02:00,37,,,,,,,,,
29-08-2019 03:00,37,,,,,,,,,
29-08-2019 04:00,37,,,,,,,,,
29-08-2019 05:00,37,,,,,,,,,
29-08-2019 06:00,37,,,,,,,,,
29-08-2019 07:00,37,,,,,,,,,
29-08-2019 08:00,37,,,,,,,,,
29-08-2019 09:00,37,,,,,,,,,
29-08-2019 10:00,37,,,,,,,,,
29-08-2019 11:00,37,,,,,,,,,
29-08-2019 12:00,37,,,,,,,,,
29-08-2019 13:00,37,,,,,,,,,
29-08-2019 14:00,37,,,,,,,,,
29-08-2019 15:00,37,,,,,,,,,
29-08-2019 16:00,37,,,,,,,,,
29-08-2019 17:00,37,,,,,,,,,
29-08-2019 18:00,37,,,,,,,,,
29-08-2019 19:00,37,,,,,,,,,
29-08-2019 20:00,37,,,,,,,,,
29-08-2019 21:00,37,,,,,,,,,
29-08-2019 22:00,37,,,,,,,,,
29-08-2019 23:00,37,,,,,,,,,
30-08-2019 00:00,38,,,,,,,,,
30-08-2019 01:00,38,,,,,,,,,
30-08-2019 02:00,38,,,,,,,,,
30-08-2019 03:00,38,,,,,,,,,
30-08-2019 04:00,38,,,,,,,,,
30-08-2019 05:00,38,,,,,,,,,
30-08-2019 06:00,38,,,,,,,,,
30-08-2019 07:00,38,,,,,,,,,
30-08-2019 08:00,38,,,,,,,,,
30-08-2019 09:00,38,,,,,,,,,
30-08-2019 10:00,38,,,,,,,,,
30-08-2019 11:00,38,,,,,,,,,
30-08-2019 12:00,38,,,,,,,,,
30-08-2019 13:00,38,,,,,,,,,
30-08-2019 14:00,38,,,,,,,,,
30-08-2019 15:00,38,,,,,,,,,
30-08-2019 16:00,38,,,,,,,,,
30-08-2019 17:00,38,,,,,,,,,
30-08-2019 18:00,38,,,,,,,,,
30-08-2019 19:00,38,,,,,,,,,
30-08-2019 20:00,38,,,,,,,,,
30-08-2019 21:00,38,,,,,,,,,
30-08-2019 22:00,38,,,,,,,,,
30-08-2019 23:00,38,,,,,,,,,
31-08-2019 00:00,40,,,,,,,,,
31-08-2019 01:00,40,,,,,,,,,
31-08-2019 02:00,40,,,,,,,,,
31-08-2019 03:00,40,,,,,,,,,
31-08-2019 04:00,40,,,,,,,,,
31-08-2019 05:00,40,,,,,,,,,
31-08-2019 06:00,40,,,,,,,,,
31-08-2019 07:00,40,,,,,,,,,
31-08-2019 08:00,40,,,,,,,,,
31-08-2019 09:00,40,,,,,,,,,
31-08-2019 10:00,40,,,,,,,,,
31-08-2019 11:00,40,,,,,,,,,
31-08-2019 12:00,40,,,,,,,,,
31-08-2019 13:00,40,,,,,,,,,
31-08-2019 14:00,40,,,,,,,,,
31-08-2019 15:00,40,,,,,,,,,
31-08-2019 16:00,40,,,,,,,,,
31-08-2019 17:00,40,,,,,,,,,
31-08-2019 18:00,40,,,,,,,,,
31-08-2019 19:00,40,,,,,,,,,
31-08-2019 20:00,40,,,,,,,,,
31-08-2019 21:00,40,,,,,,,,,
31-08-2019 22:00,40,,,,,,,,,
31-08-2019 23:00,40,,,,,,,,,
01-09-2019 00:00,37,,,,,,,,,
01-09-2019 01:00,37,,,,,,,,,
01-09-2019 02:00,37,,,,,,,,,
01-09-2019 03:00,37,,,,,,,,,
01-09-2019 04:00,37,,,,,,,,,
01-09-2019 05:00,37,,,,,,,,,
01-09-2019 06:00,37,,,,,,,,,
01-09-2019 07:00,37,,,,,,,,,
01-09-2019 08:00,37,,,,,,,,,
01-09-2019 09:00,37,,,,,,,,,
01-09-2019 10:00,37,,,,,,,,,
01-09-2019 11:00,37,,,,,,,,,
01-09-2019 12:00,37,,,,,,,,,
01-09-2019 13:00,37,,,,,,,,,
01-09-2019 14:00,37,,,,,,,,,
01-09-2019 15:00,37,,,,,,,,,
01-09-2019 16:00,37,,,,,,,,,
01-09-2019 17:00,37,,,,,,,,,
01-09-2019 18:00,37,,,,,,,,,
01-09-2019 19:00,37,,,,,,,,,
01-09-2019 20:00,37,,,,,,,,,
01-09-2019 21:00,37,,,,,,,,,
01-09-2019 22:00,37,,,,,,,,,
01-09-2019 23:00,37,,,,,,,,,
02-09-2019 00:00,39,,,,,,,,,
02-09-2019 01:00,39,,,,,,,,,
02-09-2019 02:00,39,,,,,,,,,
02-09-2019 03:00,39,,,,,,,,,
02-09-2019 04:00,39,,,,,,,,,
02-09-2019 05:00,39,,,,,,,,,
02-09-2019 06:00,39,,,,,,,,,
02-09-2019 07:00,39,,,,,,,,,
02-09-2019 08:00,39,,,,,,,,,
02-09-2019 09:00,39,,,,,,,,,
02-09-2019 10:00,39,,,,,,,,,
02-09-2019 11:00,39,,,,,,,,,
02-09-2019 12:00,39,,,,,,,,,
02-09-2019 13:00,39,,,,,,,,,
02-09-2019 14:00,39,,,,,,,,,
02-09-2019 15:00,39,,,,,,,,,
02-09-2019 16:00,39,,,,,,,,,
02-09-2019 17:00,39,,,,,,,,,
02-09-2019 18:00,39,,,,,,,,,
02-09-2019 19:00,39,,,,,,,,,
02-09-2019 20:00,39,,,,,,,,,
02-09-2019 21:00,39,,,,,,,,,
02-09-2019 22:00,39,,,,,,,,,
02-09-2019 23:00,39,,,,,,,,,
03-09-2019 00:00,38,,,,,,,,,
03-09-2019 01:00,38,,,,,,,,,
03-09-2019 02:00,38,,,,,,,,,
03-09-2019 03:00,38,,,,,,,,,
03-09-2019 04:00,38,,,,,,,,,
03-09-2019 05:00,38,,,,,,,,,
03-09-2019 06:00,38,,,,,,,,,
03-09-2019 07:00,38,,,,,,,,,
03-09-2019 08:00,38,,,,,,,,,
03-09-2019 09:00,38,,,,,,,,,
03-09-2019 10:00,38,,,,,,,,,
03-09-2019 11:00,38,,,,,,,,,
03-09-2019 12:00,38,,,,,,,,,
03-09-2019 13:00,38,,,,,,,,,
03-09-2019 14:00,38,,,,,,,,,
03-09-2019 15:00,38,,,,,,,,,
03-09-2019 16:00,38,,,,,,,,,
03-09-2019 17:00,38,,,,,,,,,
03-09-2019 18:00,38,,,,,,,,,
03-09-2019 19:00,38,,,,,,,,,
03-09-2019 20:00,38,,,,,,,,,
03-09-2019 21:00,38,,,,,,,,,
03-09-2019 22:00,38,,,,,,,,,
03-09-2019 23:00,38,,,,,,,,,
04-09-2019 00:00,37,,,,,,,,,
04-09-2019 01:00,37,,,,,,,,,
04-09-2019 02:00,37,,,,,,,,,
04-09-2019 03:00,37,,,,,,,,,
04-09-2019 04:00,37,,,,,,,,,
04-09-2019 05:00,37,,,,,,,,,
04-09-2019 06:00,37,,,,,,,,,
04-09-2019 07:00,37,,,,,,,,,
04-09-2019 08:00,37,,,,,,,,,
04-09-2019 09:00,37,,,,,,,,,
04-09-2019 10:00,37,,,,,,,,,
04-09-2019 11:00,37,,,,,,,,,
04-09-2019 12:00,37,,,,,,,,,
04-09-2019 13:00,37,,,,,,,,,
04-09-2019 14:00,37,,,,,,,,,
04-09-2019 15:00,37,,,,,,,,,
04-09-2019 16:00,37,,,,,,,,,
04-09-2019 17:00,37,,,,,,,,,
04-09-2019 18:00,37,,,,,,,,,
04-09-2019 19:00,37,,,,,,,,,
04-09-2019 20:00,37,,,,,,,,,
04-09-2019 21:00,37,,,,,,,,,
04-09-2019 22:00,37,,,,,,,,,
04-09-2019 23:00,37,,,,,,,,,
05-09-2019 00:00,37,,,,,,,,,
05-09-2019 01:00,37,,,,,,,,,
05-09-2019 02:00,37,,,,,,,,,
05-09-2019 03:00,37,,,,,,,,,
05-09-2019 04:00,37,,,,,,,,,
05-09-2019 05:00,37,,,,,,,,,
05-09-2019 06:00,37,,,,,,,,,
05-09-2019 07:00,37,,,,,,,,,
05-09-2019 08:00,37,,,,,,,,,
05-09-2019 09:00,37,,,,,,,,,
05-09-2019 10:00,37,,,,,,,,,
05-09-2019 11:00,37,,,,,,,,,
05-09-2019 12:00,37,,,,,,,,,
05-09-2019 13:00,37,,,,,,,,,
05-09-2019 14:00,37,,,,,,,,,
05-09-2019 15:00,37,,,,,,,,,
05-09-2019 16:00,37,,,,,,,,,
05-09-2019 17:00,37,,,,,,,,,
05-09-2019 18:00,37,,,,,,,,,
05-09-2019 19:00,37,,,,,,,,,
05-09-2019 20:00,37,,,,,,,,,
05-09-2019 21:00,37,,,,,,,,,
05-09-2019 22:00,37,,,,,,,,,
05-09-2019 23:00,37,,,,,,,,,
06-09-2019 00:00,37,,,,,,,,,
06-09-2019 01:00,37,,,,,,,,,
06-09-2019 02:00,37,,,,,,,,,
06-09-2019 03:00,37,,,,,,,,,
06-09-2019 04:00,37,,,,,,,,,
06-09-2019 05:00,37,,,,,,,,,
06-09-2019 06:00,37,,,,,,,,,
06-09-2019 07:00,37,,,,,,,,,
06-09-2019 08:00,37,,,,,,,,,
06-09-2019 09:00,37,,,,,,,,,
06-09-2019 10:00,37,,,,,,,,,
06-09-2019 11:00,37,,,,,,,,,
06-09-2019 12:00,37,,,,,,,,,
06-09-2019 13:00,37,,,,,,,,,
06-09-2019 14:00,37,,,,,,,,,
06-09-2019 15:00,37,,,,,,,,,
06-09-2019 16:00,37,,,,,,,,,
06-09-2019 17:00,37,,,,,,,,,
06-09-2019 18:00,37,,,,,,,,,
06-09-2019 19:00,37,,,,,,,,,
06-09-2019 20:00,37,,,,,,,,,
06-09-2019 21:00,37,,,,,,,,,
06-09-2019 22:00,37,,,,,,,,,
06-09-2019 23:00,37,,,,,,,,,
07-09-2019 00:00,37,,,,,,,,,
07-09-2019 01:00,37,,,,,,,,,
07-09-2019 02:00,37,,,,,,,,,
07-09-2019 03:00,37,,,,,,,,,
07-09-2019 04:00,37,,,,,,,,,
07-09-2019 05:00,37,,,,,,,,,
07-09-2019 06:00,37,,,,,,,,,
07-09-2019 07:00,37,,,,,,,,,
07-09-2019 08:00,37,,,,,,,,,
07-09-2019 09:00,37,,,,,,,,,
07-09-2019 10:00,37,,,,,,,,,
07-09-2019 11:00,37,,,,,,,,,
07-09-2019 12:00,37,,,,,,,,,
07-09-2019 13:00,37,,,,,,,,,
07-09-2019 14:00,37,,,,,,,,,
07-09-2019 15:00,37,,,,,,,,,
07-09-2019 16:00,37,,,,,,,,,
07-09-2019 17:00,37,,,,,,,,,
07-09-2019 18:00,37,,,,,,,,,
07-09-2019 19:00,37,,,,,,,,,
07-09-2019 20:00,37,,,,,,,,,
07-09-2019 21:00,37,,,,,,,,,
07-09-2019 22:00,37,,,,,,,,,
07-09-2019 23:00,37,,,,,,,,,
08-09-2019 00:00,37,,,,,,,,,
08-09-2019 01:00,37,,,,,,,,,
08-09-2019 02:00,37,,,,,,,,,
08-09-2019 03:00,37,,,,,,,,,
08-09-2019 04:00,37,,,,,,,,,
08-09-2019 05:00,37,,,,,,,,,
08-09-2019 06:00,37,,,,,,,,,
08-09-2019 07:00,37,,,,,,,,,
08-09-2019 08:00,37,,,,,,,,,
08-09-2019 09:00,37,,,,,,,,,
08-09-2019 10:00,37,,,,,,,,,
08-09-2019 11:00,37,,,,,,,,,
08-09-2019 12:00,37,,,,,,,,,
08-09-2019 13:00,37,,,,,,,,,
08-09-2019 14:00,37,,,,,,,,,
08-09-2019 15:00,37,,,,,,,,,
08-09-2019 16:00,37,,,,,,,,,
08-09-2019 17:00,37,,,,,,,,,
08-09-2019 18:00,37,,,,,,,,,
08-09-2019 19:00,37,,,,,,,,,
08-09-2019 20:00,37,,,,,,,,,
08-09-2019 21:00,37,,,,,,,,,
08-09-2019 22:00,37,,,,,,,,,
08-09-2019 23:00,37,,,,,,,,,
09-09-2019 00:00,39,,,,,,,,,
09-09-2019 01:00,39,,,,,,,,,
09-09-2019 02:00,39,,,,,,,,,
09-09-2019 03:00,39,,,,,,,,,
09-09-2019 04:00,39,,,,,,,,,
09-09-2019 05:00,39,,,,,,,,,
09-09-2019 06:00,39,,,,,,,,,
09-09-2019 07:00,39,,,,,,,,,
09-09-2019 08:00,39,,,,,,,,,
09-09-2019 09:00,39,,,,,,,,,
09-09-2019 10:00,39,,,,,,,,,
09-09-2019 11:00,39,,,,,,,,,
09-09-2019 12:00,39,,,,,,,,,
09-09-2019 13:00,39,,,,,,,,,
09-09-2019 14:00,39,,,,,,,,,
09-09-2019 15:00,39,,,,,,,,,
09-09-2019 16:00,39,,,,,,,,,
09-09-2019 17:00,39,,,,,,,,,
09-09-2019 18:00,39,,,,,,,,,
09-09-2019 19:00,39,,,,,,,,,
09-09-2019 20:00,39,,,,,,,,,
09-09-2019 21:00,39,,,,,,,,,
09-09-2019 22:00,39,,,,,,,,,
09-09-2019 23:00,39,,,,,,,,,
10-09-2019 00:00,40,,,,,,,,,
10-09-2019 01:00,40,,,,,,,,,
10-09-2019 02:00,40,,,,,,,,,
10-09-2019 03:00,40,,,,,,,,,
10-09-2019 04:00,40,,,,,,,,,
10-09-2019 05:00,40,,,,,,,,,
10-09-2019 06:00,40,,,,,,,,,
10-09-2019 07:00,40,,,,,,,,,
10-09-2019 08:00,40,,,,,,,,,
10-09-2019 09:00,40,,,,,,,,,
10-09-2019 10:00,40,,,,,,,,,
10-09-2019 11:00,40,,,,,,,,,
10-09-2019 12:00,40,,,,,,,,,
10-09-2019 13:00,40,,,,,,,,,
10-09-2019 14:00,40,,,,,,,,,
10-09-2019 15:00,40,,,,,,,,,
10-09-2019 16:00,40,,,,,,,,,
10-09-2019 17:00,40,,,,,,,,,
10-09-2019 18:00,40,,,,,,,,,
10-09-2019 19:00,40,,,,,,,,,
10-09-2019 20:00,40,,,,,,,,,
10-09-2019 21:00,40,,,,,,,,,
10-09-2019 22:00,40,,,,,,,,,
10-09-2019 23:00,40,,,,,,,,,
11-09-2019 00:00,41,,,,,,,,,
11-09-2019 01:00,41,,,,,,,,,
11-09-2019 02:00,41,,,,,,,,,
11-09-2019 03:00,41,,,,,,,,,
11-09-2019 04:00,41,,,,,,,,,
11-09-2019 05:00,41,,,,,,,,,
11-09-2019 06:00,41,,,,,,,,,
11-09-2019 07:00,41,,,,,,,,,
11-09-2019 08:00,41,,,,,,,,,
11-09-2019 09:00,41,,,,,,,,,
11-09-2019 10:00,41,,,,,,,,,
11-09-2019 11:00,41,,,,,,,,,
11-09-2019 12:00,41,,,,,,,,,
11-09-2019 13:00,41,,,,,,,,,
11-09-2019 14:00,41,,,,,,,,,
11-09-2019 15:00,41,,,,,,,,,
11-09-2019 16:00,41,,,,,,,,,
11-09-2019 17:00,41,,,,,,,,,
11-09-2019 18:00,41,,,,,,,,,
11-09-2019 19:00,41,,,,,,,,,
11-09-2019 20:00,41,,,,,,,,,
11-09-2019 21:00,41,,,,,,,,,
11-09-2019 22:00,41,,,,,,,,,
11-09-2019 23:00,41,,,,,,,,,
12-09-2019 00:00,39,,,,,,,,,
12-09-2019 01:00,39,,,,,,,,,
12-09-2019 02:00,39,,,,,,,,,
12-09-2019 03:00,39,,,,,,,,,
12-09-2019 04:00,39,,,,,,,,,
12-09-2019 05:00,39,,,,,,,,,
12-09-2019 06:00,39,,,,,,,,,
12-09-2019 07:00,39,,,,,,,,,
12-09-2019 08:00,39,,,,,,,,,
12-09-2019 09:00,39,,,,,,,,,
12-09-2019 10:00,39,,,,,,,,,
12-09-2019 11:00,39,,,,,,,,,
12-09-2019 12:00,39,,,,,,,,,
12-09-2019 13:00,39,,,,,,,,,
12-09-2019 14:00,39,,,,,,,,,
12-09-2019 15:00,39,,,,,,,,,
12-09-2019 16:00,39,,,,,,,,,
12-09-2019 17:00,39,,,,,,,,,
12-09-2019 18:00,39,,,,,,,,,
12-09-2019 19:00,39,,,,,,,,,
12-09-2019 20:00,39,,,,,,,,,
12-09-2019 21:00,39,,,,,,,,,
12-09-2019 22:00,39,,,,,,,,,
12-09-2019 23:00,39,,,,,,,,,
13-09-2019 00:00,35,,,,,,,,,
13-09-2019 01:00,35,,,,,,,,,
13-09-2019 02:00,35,,,,,,,,,
13-09-2019 03:00,35,,,,,,,,,
13-09-2019 04:00,35,,,,,,,,,
13-09-2019 05:00,35,,,,,,,,,
13-09-2019 06:00,35,,,,,,,,,
13-09-2019 07:00,35,,,,,,,,,
13-09-2019 08:00,35,,,,,,,,,
13-09-2019 09:00,35,,,,,,,,,
13-09-2019 10:00,35,,,,,,,,,
13-09-2019 11:00,35,,,,,,,,,
13-09-2019 12:00,35,,,,,,,,,
13-09-2019 13:00,35,,,,,,,,,
13-09-2019 14:00,35,,,,,,,,,
13-09-2019 15:00,35,,,,,,,,,
13-09-2019 16:00,35,,,,,,,,,
13-09-2019 17:00,35,,,,,,,,,
13-09-2019 18:00,35,,,,,,,,,
13-09-2019 19:00,35,,,,,,,,,
13-09-2019 20:00,35,,,,,,,,,
13-09-2019 21:00,35,,,,,,,,,
13-09-2019 22:00,35,,,,,,,,,
13-09-2019 23:00,35,,,,,,,,,
14-09-2019 00:00,35,,,,,,,,,
14-09-2019 01:00,35,,,,,,,,,
14-09-2019 02:00,35,,,,,,,,,
14-09-2019 03:00,35,,,,,,,,,
14-09-2019 04:00,35,,,,,,,,,
14-09-2019 05:00,35,,,,,,,,,
14-09-2019 06:00,35,,,,,,,,,
14-09-2019 07:00,35,,,,,,,,,
14-09-2019 08:00,35,,,,,,,,,
14-09-2019 09:00,35,,,,,,,,,
14-09-2019 10:00,35,,,,,,,,,
14-09-2019 11:00,35,,,,,,,,,
14-09-2019 12:00,35,,,,,,,,,
14-09-2019 13:00,35,,,,,,,,,
14-09-2019 14:00,35,,,,,,,,,
14-09-2019 15:00,35,,,,,,,,,
14-09-2019 16:00,35,,,,,,,,,
14-09-2019 17:00,35,,,,,,,,,
14-09-2019 18:00,35,,,,,,,,,
14-09-2019 19:00,35,,,,,,,,,
14-09-2019 20:00,35,,,,,,,,,
14-09-2019 21:00,35,,,,,,,,,
14-09-2019 22:00,35,,,,,,,,,
14-09-2019 23:00,35,,,,,,,,,
15-09-2019 00:00,36,,,,,,,,,
15-09-2019 01:00,36,,,,,,,,,
15-09-2019 02:00,36,,,,,,,,,
15-09-2019 03:00,36,,,,,,,,,
15-09-2019 04:00,36,,,,,,,,,
15-09-2019 05:00,36,,,,,,,,,
15-09-2019 06:00,36,,,,,,,,,
15-09-2019 07:00,36,,,,,,,,,
15-09-2019 08:00,36,,,,,,,,,
15-09-2019 09:00,36,,,,,,,,,
15-09-2019 10:00,36,,,,,,,,,
15-09-2019 11:00,36,,,,,,,,,
15-09-2019 12:00,36,,,,,,,,,
15-09-2019 13:00,36,,,,,,,,,
15-09-2019 14:00,36,,,,,,,,,
15-09-2019 15:00,36,,,,,,,,,
15-09-2019 16:00,36,,,,,,,,,
15-09-2019 17:00,36,,,,,,,,,
15-09-2019 18:00,36,,,,,,,,,
15-09-2019 19:00,36,,,,,,,,,
15-09-2019 20:00,36,,,,,,,,,
15-09-2019 21:00,36,,,,,,,,,
15-09-2019 22:00,36,,,,,,,,,
15-09-2019 23:00,36,,,,,,,,,
16-09-2019 00:00,39,,,,,,,,,
16-09-2019 01:00,39,,,,,,,,,
16-09-2019 02:00,39,,,,,,,,,
16-09-2019 03:00,39,,,,,,,,,
16-09-2019 04:00,39,,,,,,,,,
16-09-2019 05:00,39,,,,,,,,,
16-09-2019 06:00,39,,,,,,,,,
16-09-2019 07:00,39,,,,,,,,,
16-09-2019 08:00,39,,,,,,,,,
16-09-2019 09:00,39,,,,,,,,,
16-09-2019 10:00,39,,,,,,,,,
16-09-2019 11:00,39,,,,,,,,,
16-09-2019 12:00,39,,,,,,,,,
16-09-2019 13:00,39,,,,,,,,,
16-09-2019 14:00,39,,,,,,,,,
16-09-2019 15:00,39,,,,,,,,,
16-09-2019 16:00,39,,,,,,,,,
16-09-2019 17:00,39,,,,,,,,,
16-09-2019 18:00,39,,,,,,,,,
16-09-2019 19:00,39,,,,,,,,,
16-09-2019 20:00,39,,,,,,,,,
16-09-2019 21:00,39,,,,,,,,,
16-09-2019 22:00,39,,,,,,,,,
16-09-2019 23:00,39,,,,,,,,,
17-09-2019 00:00,40,,,,,,,,,
17-09-2019 01:00,40,,,,,,,,,
17-09-2019 02:00,40,,,,,,,,,
17-09-2019 03:00,40,,,,,,,,,
17-09-2019 04:00,40,,,,,,,,,
17-09-2019 05:00,40,,,,,,,,,
17-09-2019 06:00,40,,,,,,,,,
17-09-2019 07:00,40,,,,,,,,,
17-09-2019 08:00,40,,,,,,,,,
17-09-2019 09:00,40,,,,,,,,,
17-09-2019 10:00,40,,,,,,,,,
17-09-2019 11:00,40,,,,,,,,,
17-09-2019 12:00,40,,,,,,,,,
17-09-2019 13:00,40,,,,,,,,,
17-09-2019 14:00,40,,,,,,,,,
17-09-2019 15:00,40,,,,,,,,,
17-09-2019 16:00,40,,,,,,,,,
17-09-2019 17:00,40,,,,,,,,,
17-09-2019 18:00,40,,,,,,,,,
17-09-2019 19:00,40,,,,,,,,,
17-09-2019 20:00,40,,,,,,,,,
17-09-2019 21:00,40,,,,,,,,,
17-09-2019 22:00,40,,,,,,,,,
17-09-2019 23:00,40,,,,,,,,,
18-09-2019 00:00,37,,,,,,,,,
18-09-2019 01:00,37,,,,,,,,,
18-09-2019 02:00,37,,,,,,,,,
18-09-2019 03:00,37,,,,,,,,,
18-09-2019 04:00,37,,,,,,,,,
18-09-2019 05:00,37,,,,,,,,,
18-09-2019 06:00,37,,,,,,,,,
18-09-2019 07:00,37,,,,,,,,,
18-09-2019 08:00,37,,,,,,,,,
18-09-2019 09:00,37,,,,,,,,,
18-09-2019 10:00,37,,,,,,,,,
18-09-2019 11:00,37,,,,,,,,,
18-09-2019 12:00,37,,,,,,,,,
18-09-2019 13:00,37,,,,,,,,,
18-09-2019 14:00,37,,,,,,,,,
18-09-2019 15:00,37,,,,,,,,,
18-09-2019 16:00,37,,,,,,,,,
18-09-2019 17:00,37,,,,,,,,,
18-09-2019 18:00,37,,,,,,,,,
18-09-2019 19:00,37,,,,,,,,,
18-09-2019 20:00,37,,,,,,,,,
18-09-2019 21:00,37,,,,,,,,,
18-09-2019 22:00,37,,,,,,,,,
18-09-2019 23:00,37,,,,,,,,,
19-09-2019 00:00,32,,,,,,,,,
19-09-2019 01:00,32,,,,,,,,,
19-09-2019 02:00,32,,,,,,,,,
19-09-2019 03:00,32,,,,,,,,,
19-09-2019 04:00,32,,,,,,,,,
19-09-2019 05:00,32,,,,,,,,,
19-09-2019 06:00,32,,,,,,,,,
19-09-2019 07:00,32,,,,,,,,,
19-09-2019 08:00,32,,,,,,,,,
19-09-2019 09:00,32,,,,,,,,,
19-09-2019 10:00,32,,,,,,,,,
19-09-2019 11:00,32,,,,,,,,,
19-09-2019 12:00,32,,,,,,,,,
19-09-2019 13:00,32,,,,,,,,,
19-09-2019 14:00,32,,,,,,,,,
19-09-2019 15:00,32,,,,,,,,,
19-09-2019 16:00,32,,,,,,,,,
19-09-2019 17:00,32,,,,,,,,,
19-09-2019 18:00,32,,,,,,,,,
19-09-2019 19:00,32,,,,,,,,,
19-09-2019 20:00,32,,,,,,,,,
19-09-2019 21:00,32,,,,,,,,,
19-09-2019 22:00,32,,,,,,,,,
19-09-2019 23:00,32,,,,,,,,,
20-09-2019 00:00,33,,,,,,,,,
20-09-2019 01:00,33,,,,,,,,,
20-09-2019 02:00,33,,,,,,,,,
20-09-2019 03:00,33,,,,,,,,,
20-09-2019 04:00,33,,,,,,,,,
20-09-2019 05:00,33,,,,,,,,,
20-09-2019 06:00,33,,,,,,,,,
20-09-2019 07:00,33,,,,,,,,,
20-09-2019 08:00,33,,,,,,,,,
20-09-2019 09:00,33,,,,,,,,,
20-09-2019 10:00,33,,,,,,,,,
20-09-2019 11:00,33,,,,,,,,,
20-09-2019 12:00,33,,,,,,,,,
20-09-2019 13:00,33,,,,,,,,,
20-09-2019 14:00,33,,,,,,,,,
20-09-2019 15:00,33,,,,,,,,,
20-09-2019 16:00,33,,,,,,,,,
20-09-2019 17:00,33,,,,,,,,,
20-09-2019 18:00,33,,,,,,,,,
20-09-2019 19:00,33,,,,,,,,,
20-09-2019 20:00,33,,,,,,,,,
20-09-2019 21:00,33,,,,,,,,,
20-09-2019 22:00,33,,,,,,,,,
20-09-2019 23:00,33,,,,,,,,,
21-09-2019 00:00,35,,,,,,,,,
21-09-2019 01:00,35,,,,,,,,,
21-09-2019 02:00,35,,,,,,,,,
21-09-2019 03:00,35,,,,,,,,,
21-09-2019 04:00,35,,,,,,,,,
21-09-2019 05:00,35,,,,,,,,,
21-09-2019 06:00,35,,,,,,,,,
21-09-2019 07:00,35,,,,,,,,,
21-09-2019 08:00,35,,,,,,,,,
21-09-2019 09:00,35,,,,,,,,,
21-09-2019 10:00,35,,,,,,,,,
21-09-2019 11:00,35,,,,,,,,,
21-09-2019 12:00,35,,,,,,,,,
21-09-2019 13:00,35,,,,,,,,,
21-09-2019 14:00,35,,,,,,,,,
21-09-2019 15:00,35,,,,,,,,,
21-09-2019 16:00,35,,,,,,,,,
21-09-2019 17:00,35,,,,,,,,,
21-09-2019 18:00,35,,,,,,,,,
21-09-2019 19:00,35,,,,,,,,,
21-09-2019 20:00,35,,,,,,,,,
21-09-2019 21:00,35,,,,,,,,,
21-09-2019 22:00,35,,,,,,,,,
21-09-2019 23:00,35,,,,,,,,,
22-09-2019 00:00,32,,,,,,,,,
22-09-2019 01:00,32,,,,,,,,,
22-09-2019 02:00,32,,,,,,,,,
22-09-2019 03:00,32,,,,,,,,,
22-09-2019 04:00,32,,,,,,,,,
22-09-2019 05:00,32,,,,,,,,,
22-09-2019 06:00,32,,,,,,,,,
22-09-2019 07:00,32,,,,,,,,,
22-09-2019 08:00,32,,,,,,,,,
22-09-2019 09:00,32,,,,,,,,,
22-09-2019 10:00,32,,,,,,,,,
22-09-2019 11:00,32,,,,,,,,,
22-09-2019 12:00,32,,,,,,,,,
22-09-2019 13:00,32,,,,,,,,,
22-09-2019 14:00,32,,,,,,,,,
22-09-2019 15:00,32,,,,,,,,,
22-09-2019 16:00,32,,,,,,,,,
22-09-2019 17:00,32,,,,,,,,,
22-09-2019 18:00,32,,,,,,,,,
22-09-2019 19:00,32,,,,,,,,,
22-09-2019 20:00,32,,,,,,,,,
22-09-2019 21:00,32,,,,,,,,,
22-09-2019 22:00,32,,,,,,,,,
22-09-2019 23:00,32,,,,,,,,,
23-09-2019 00:00,33,,,,,,,,,
23-09-2019 01:00,33,,,,,,,,,
23-09-2019 02:00,33,,,,,,,,,
23-09-2019 03:00,33,,,,,,,,,
23-09-2019 04:00,33,,,,,,,,,
23-09-2019 05:00,33,,,,,,,,,
23-09-2019 06:00,33,,,,,,,,,
23-09-2019 07:00,33,,,,,,,,,
23-09-2019 08:00,33,,,,,,,,,
23-09-2019 09:00,33,,,,,,,,,
23-09-2019 10:00,33,,,,,,,,,
23-09-2019 11:00,33,,,,,,,,,
23-09-2019 12:00,33,,,,,,,,,
23-09-2019 13:00,33,,,,,,,,,
23-09-2019 14:00,33,,,,,,,,,
23-09-2019 15:00,33,,,,,,,,,
23-09-2019 16:00,33,,,,,,,,,
23-09-2019 17:00,33,,,,,,,,,
23-09-2019 18:00,33,,,,,,,,,
23-09-2019 19:00,33,,,,,,,,,
23-09-2019 20:00,33,,,,,,,,,
23-09-2019 21:00,33,,,,,,,,,
23-09-2019 22:00,33,,,,,,,,,
23-09-2019 23:00,33,,,,,,,,,
24-09-2019 00:00,33,,,,,,,,,
24-09-2019 01:00,33,,,,,,,,,
24-09-2019 02:00,33,,,,,,,,,
24-09-2019 03:00,33,,,,,,,,,
24-09-2019 04:00,33,,,,,,,,,
24-09-2019 05:00,33,,,,,,,,,
24-09-2019 06:00,33,,,,,,,,,
24-09-2019 07:00,33,,,,,,,,,
24-09-2019 08:00,33,,,,,,,,,
24-09-2019 09:00,33,,,,,,,,,
24-09-2019 10:00,33,,,,,,,,,
24-09-2019 11:00,33,,,,,,,,,
24-09-2019 12:00,33,,,,,,,,,
24-09-2019 13:00,33,,,,,,,,,
24-09-2019 14:00,33,,,,,,,,,
24-09-2019 15:00,33,,,,,,,,,
24-09-2019 16:00,33,,,,,,,,,
24-09-2019 17:00,33,,,,,,,,,
24-09-2019 18:00,33,,,,,,,,,
24-09-2019 19:00,33,,,,,,,,,
24-09-2019 20:00,33,,,,,,,,,
24-09-2019 21:00,33,,,,,,,,,
24-09-2019 22:00,33,,,,,,,,,
24-09-2019 23:00,33,,,,,,,,,
25-09-2019 00:00,35,,,,,,,,,
25-09-2019 01:00,35,,,,,,,,,
25-09-2019 02:00,35,,,,,,,,,
25-09-2019 03:00,35,,,,,,,,,
25-09-2019 04:00,35,,,,,,,,,
25-09-2019 05:00,35,,,,,,,,,
25-09-2019 06:00,35,,,,,,,,,
25-09-2019 07:00,35,,,,,,,,,
25-09-2019 08:00,35,,,,,,,,,
25-09-2019 09:00,35,,,,,,,,,
25-09-2019 10:00,35,,,,,,,,,
25-09-2019 11:00,35,,,,,,,,,
25-09-2019 12:00,35,,,,,,,,,
25-09-2019 13:00,35,,,,,,,,,
25-09-2019 14:00,35,,,,,,,,,
25-09-2019 15:00,35,,,,,,,,,
25-09-2019 16:00,35,,,,,,,,,
25-09-2019 17:00,35,,,,,,,,,
25-09-2019 18:00,35,,,,,,,,,
25-09-2019 19:00,35,,,,,,,,,
25-09-2019 20:00,35,,,,,,,,,
25-09-2019 21:00,35,,,,,,,,,
25-09-2019 22:00,35,,,,,,,,,
25-09-2019 23:00,35,,,,,,,,,
26-09-2019 00:00,32,,,,,,,,,
26-09-2019 01:00,32,,,,,,,,,
26-09-2019 02:00,32,,,,,,,,,
26-09-2019 03:00,32,,,,,,,,,
26-09-2019 04:00,32,,,,,,,,,
26-09-2019 05:00,32,,,,,,,,,
26-09-2019 06:00,32,,,,,,,,,
26-09-2019 07:00,32,,,,,,,,,
26-09-2019 08:00,32,,,,,,,,,
26-09-2019 09:00,32,,,,,,,,,
26-09-2019 10:00,32,,,,,,,,,
26-09-2019 11:00,32,,,,,,,,,
26-09-2019 12:00,32,,,,,,,,,
26-09-2019 13:00,32,,,,,,,,,
26-09-2019 14:00,32,,,,,,,,,
26-09-2019 15:00,32,,,,,,,,,
26-09-2019 16:00,32,,,,,,,,,
26-09-2019 17:00,32,,,,,,,,,
26-09-2019 18:00,32,,,,,,,,,
26-09-2019 19:00,32,,,,,,,,,
26-09-2019 20:00,32,,,,,,,,,
26-09-2019 21:00,32,,,,,,,,,
26-09-2019 22:00,32,,,,,,,,,
26-09-2019 23:00,32,,,,,,,,,
27-09-2019 00:00,31,,,,,,,,,
27-09-2019 01:00,31,,,,,,,,,
27-09-2019 02:00,31,,,,,,,,,
27-09-2019 03:00,31,,,,,,,,,
27-09-2019 04:00,31,,,,,,,,,
27-09-2019 05:00,31,,,,,,,,,
27-09-2019 06:00,31,,,,,,,,,
27-09-2019 07:00,31,,,,,,,,,
27-09-2019 08:00,31,,,,,,,,,
27-09-2019 09:00,31,,,,,,,,,
27-09-2019 10:00,31,,,,,,,,,
27-09-2019 11:00,31,,,,,,,,,
27-09-2019 12:00,31,,,,,,,,,
27-09-2019 13:00,31,,,,,,,,,
27-09-2019 14:00,31,,,,,,,,,
27-09-2019 15:00,31,,,,,,,,,
27-09-2019 16:00,31,,,,,,,,,
27-09-2019 17:00,31,,,,,,,,,
27-09-2019 18:00,31,,,,,,,,,
27-09-2019 19:00,31,,,,,,,,,
27-09-2019 20:00,31,,,,,,,,,
27-09-2019 21:00,31,,,,,,,,,
27-09-2019 22:00,31,,,,,,,,,
27-09-2019 23:00,31,,,,,,,,,
28-09-2019 00:00,30,,,,,,,,,
28-09-2019 01:00,30,,,,,,,,,
28-09-2019 02:00,30,,,,,,,,,
28-09-2019 03:00,30,,,,,,,,,
28-09-2019 04:00,30,,,,,,,,,
28-09-2019 05:00,30,,,,,,,,,
28-09-2019 06:00,30,,,,,,,,,
28-09-2019 07:00,30,,,,,,,,,
28-09-2019 08:00,30,,,,,,,,,
28-09-2019 09:00,30,,,,,,,,,
28-09-2019 10:00,30,,,,,,,,,
28-09-2019 11:00,30,,,,,,,,,
28-09-2019 12:00,30,,,,,,,,,
28-09-2019 13:00,30,,,,,,,,,
28-09-2019 14:00,30,,,,,,,,,
28-09-2019 15:00,30,,,,,,,,,
28-09-2019 16:00,30,,,,,,,,,
28-09-2019 17:00,30,,,,,,,,,
28-09-2019 18:00,30,,,,,,,,,
28-09-2019 19:00,30,,,,,,,,,
28-09-2019 20:00,30,,,,,,,,,
28-09-2019 21:00,30,,,,,,,,,
28-09-2019 22:00,30,,,,,,,,,
28-09-2019 23:00,30,,,,,,,,,
29-09-2019 00:00,30,,,,,,,,,
29-09-2019 01:00,30,,,,,,,,,
29-09-2019 02:00,30,,,,,,,,,
29-09-2019 03:00,30,,,,,,,,,
29-09-2019 04:00,30,,,,,,,,,
29-09-2019 05:00,30,,,,,,,,,
29-09-2019 06:00,30,,,,,,,,,
29-09-2019 07:00,30,,,,,,,,,
29-09-2019 08:00,30,,,,,,,,,
29-09-2019 09:00,30,,,,,,,,,
29-09-2019 10:00,30,,,,,,,,,
29-09-2019 11:00,30,,,,,,,,,
29-09-2019 12:00,30,,,,,,,,,
29-09-2019 13:00,30,,,,,,,,,
29-09-2019 14:00,30,,,,,,,,,
29-09-2019 15:00,30,,,,,,,,,
29-09-2019 16:00,30,,,,,,,,,
29-09-2019 17:00,30,,,,,,,,,
29-09-2019 18:00,30,,,,,,,,,
29-09-2019 19:00,30,,,,,,,,,
29-09-2019 20:00,30,,,,,,,,,
29-09-2019 21:00,30,,,,,,,,,
29-09-2019 22:00,30,,,,,,,,,
29-09-2019 23:00,30,,,,,,,,,
30-09-2019 00:00,32,,,,,,,,,
30-09-2019 01:00,32,,,,,,,,,
30-09-2019 02:00,32,,,,,,,,,
30-09-2019 03:00,32,,,,,,,,,
30-09-2019 04:00,32,,,,,,,,,
30-09-2019 05:00,32,,,,,,,,,
30-09-2019 06:00,32,,,,,,,,,
30-09-2019 07:00,32,,,,,,,,,
30-09-2019 08:00,32,,,,,,,,,
30-09-2019 09:00,32,,,,,,,,,
30-09-2019 10:00,32,,,,,,,,,
30-09-2019 11:00,32,,,,,,,,,
30-09-2019 12:00,32,,,,,,,,,
30-09-2019 13:00,32,,,,,,,,,
30-09-2019 14:00,32,,,,,,,,,
30-09-2019 15:00,32,,,,,,,,,
30-09-2019 16:00,32,,,,,,,,,
30-09-2019 17:00,32,,,,,,,,,
30-09-2019 18:00,32,,,,,,,,,
30-09-2019 19:00,32,,,,,,,,,
30-09-2019 20:00,32,,,,,,,,,
30-09-2019 21:00,32,,,,,,,,,
30-09-2019 22:00,32,,,,,,,,,
30-09-2019 23:00,32,,,,,,,,,
